Cafe Name,Location,Open,Close,Coffee,Wifi,Power
Tea Lounge cafe,"https://www.google.com/maps/place/Tea+Lounge+cafe/@12.9670023,77.6090467,17z/data=!3m1!4b1!4m6!3m5!1s0x3bae156da78c9659:0xd50498a386e3cd07!8m2!3d12.9670023!4d77.6090467!16s%2Fg%2F11sfq6ql7q?authuser=0&hl=en&entry=ttu",08:00AM, 12:00AM,☕☕☕☕️,💪💪💪,🔌🔌🔌
Tea & Talks Café,"https://www.google.com/maps/place/Tea+%26+Talks+Caf%C3%A9/@12.9675689,77.6067433,17z/data=!3m1!4b1!4m6!3m5!1s0x3bae15b6736f08d9:0x5b287ba1a23623e2!8m2!3d12.9675689!4d77.6067433!16s%2Fg%2F11n13fst52?authuser=0&hl=en&entry=ttu",11:00AM,01:00AM,☕☕☕☕,💪💪💪,🔌
Makkah Cafe,"https://www.google.com/maps/place/Makkah+Cafe/@12.9641713,77.6064519,17z/data=!3m1!4b1!4m6!3m5!1s0x3bae15d491671637:0x94a0a803f40221d1!8m2!3d12.9641713!4d77.6064519!16s%2Fg%2F1jglv3zf0?authuser=0&hl=en&entry=ttu",07:00AM,11:45PM,☕☕☕,💪💪💪💪,🔌🔌🔌🔌
CAFE INN,"https://www.google.com/maps/place/CAFE+INN/@12.967723,77.6059977,17z/data=!3m1!4b1!4m6!3m5!1s0x3bae15f7b7a1d873:0x9818b66330818eb6!8m2!3d12.967723!4d77.6059977!16s%2Fg%2F11r6g54_c6?authuser=0&hl=en&entry=ttu",08:00AM,01:00PM,☕☕☕☕,💪💪💪,🔌🔌🔌
Dyu Art Cafe,"https://www.google.com/maps/place/Dyu+Art+Cafe/@12.9373267,77.6175837,17z/data=!3m1!4b1!4m6!3m5!1s0x3bae144f0a0442f3:0x5cf634310edf27a8!8m2!3d12.9373267!4d77.6175837!16s%2Fg%2F1ydpv9q4x?authuser=0&hl=en&entry=ttu",11:00AM,08:30PM,☕️☕️☕️☕️,💪💪💪💪,🔌🔌🔌🔌
